run,feature,items,json_bytes,operation,median_us,p95_us,allocation_calls,requested_bytes,snapshot_bytes,baseline_bytes
1,false,7,1424,prepare_only,13.500,13.667,486,68345,0,0
1,false,7,1424,prepare_incremental,13.000,14.209,500,69855,0,0
1,false,7,1424,prepare_full_replay,13.291,14.125,561,76862,0,0
1,false,7,1424,retry_full_reuse,1.125,1.167,75,8517,0,0
1,false,439,516344,prepare_only,562.291,567.917,22104,7160153,0,0
1,false,439,516344,prepare_incremental,588.125,590.750,22118,7162647,0,0
1,false,439,516344,prepare_full_replay,644.375,648.625,26283,8102414,0,0
1,false,439,516344,retry_full_reuse,85.542,86.917,4179,942261,0,0
1,true,7,1424,prepare_only,15.125,16.542,501,69552,463,435
1,true,7,1424,prepare_incremental,16.208,16.375,515,71062,463,435
1,true,7,1424,prepare_full_replay,16.500,17.000,576,78069,463,435
1,true,7,1424,retry_full_reuse,1.125,1.208,75,8517,463,435
1,true,439,516344,prepare_only,925.542,933.041,22767,7217088,14719,14691
1,true,439,516344,prepare_incremental,951.667,959.166,22781,7219582,14719,14691
1,true,439,516344,prepare_full_replay,1012.208,1018.083,26946,8159349,14719,14691
1,true,439,516344,retry_full_reuse,87.750,88.750,4179,942261,14719,14691
2,false,7,1424,prepare_only,13.792,13.959,486,68345,0,0
2,false,7,1424,prepare_incremental,13.458,14.584,500,69855,0,0
2,false,7,1424,prepare_full_replay,14.125,14.334,561,76862,0,0
2,false,7,1424,retry_full_reuse,1.250,1.292,75,8517,0,0
2,false,439,516344,prepare_only,569.083,577.792,22104,7160153,0,0
2,false,439,516344,prepare_incremental,594.041,598.458,22118,7162647,0,0
2,false,439,516344,prepare_full_replay,638.833,643.416,26283,8102414,0,0
2,false,439,516344,retry_full_reuse,84.542,85.375,4179,942261,0,0
2,true,7,1424,prepare_only,16.333,16.625,501,69552,463,435
2,true,7,1424,prepare_incremental,16.291,16.458,515,71062,463,435
2,true,7,1424,prepare_full_replay,16.750,17.250,576,78069,463,435
2,true,7,1424,retry_full_reuse,1.208,1.250,75,8517,463,435
2,true,439,516344,prepare_only,918.833,926.958,22767,7217088,14719,14691
2,true,439,516344,prepare_incremental,941.666,949.625,22781,7219582,14719,14691
2,true,439,516344,prepare_full_replay,999.375,1003.333,26946,8159349,14719,14691
2,true,439,516344,retry_full_reuse,86.709,87.917,4179,942261,14719,14691
3,false,7,1424,prepare_only,13.375,13.583,486,68345,0,0
3,false,7,1424,prepare_incremental,13.667,14.167,500,69855,0,0
3,false,7,1424,prepare_full_replay,13.458,13.875,561,76862,0,0
3,false,7,1424,retry_full_reuse,1.208,1.292,75,8517,0,0
3,false,439,516344,prepare_only,547.583,556.250,22104,7160153,0,0
3,false,439,516344,prepare_incremental,572.125,574.834,22118,7162647,0,0
3,false,439,516344,prepare_full_replay,632.583,636.375,26283,8102414,0,0
3,false,439,516344,retry_full_reuse,82.292,83.083,4179,942261,0,0
3,true,7,1424,prepare_only,15.125,16.542,501,69552,463,435
3,true,7,1424,prepare_incremental,15.958,16.542,515,71062,463,435
3,true,7,1424,prepare_full_replay,16.583,16.792,576,78069,463,435
3,true,7,1424,retry_full_reuse,1.167,1.291,75,8517,463,435
3,true,439,516344,prepare_only,933.792,940.416,22767,7217088,14719,14691
3,true,439,516344,prepare_incremental,959.209,965.458,22781,7219582,14719,14691
3,true,439,516344,prepare_full_replay,995.916,1003.375,26946,8159349,14719,14691
3,true,439,516344,retry_full_reuse,83.166,83.875,4179,942261,14719,14691
